City,Cloudiness,Country,Date,Humidity,Lat,Lng,Max Temp,Wind Speed
Cape Town,75,ZA,1604810116,93,-33.93,18.42,15.56,4.6
Punta Arenas,20,CL,1604810611,81,-53.15,-70.92,9.0,7.2
Ilulissat,8,GL,1604810683,43,69.22,-51.1,-10.0,5.1
Manokwari,99,ID,1604810735,76,-0.87,134.08,28.59,6.8
Ponta do Sol,20,PT,1604810687,77,32.67,-17.1,17.22,2.1
Kenema,10,SL,1604810735,98,7.88,-11.19,22.06,0.32
Saint-Pierre,20,RE,1604810662,65,-21.34,55.48,26.0,9.8
Mataura,0,NZ,1604810620,61,-46.19,168.86,12.78,5.36
Al Bardīyah,68,LY,1604810736,77,31.76,25.09,19.53,8.02
Malabang,38,PH,1604810737,73,7.59,124.07,28.44,2.13
Talnakh,75,RU,1604810737,92,69.49,88.4,-7.0,10.0
Alofi,9,NU,1604810737,74,-19.06,-169.92,26.0,6.2
Cabo San Lucas,5,MX,1604810738,69,22.89,-109.91,24.44,3.35
Saint George,90,US,1604810629,81,37.1,-113.58,7.22,2.1
San Patricio,20,US,1604810640,94,28.02,-97.52,22.22,4.1
Ushuaia,40,AR,1604810619,76,-54.8,-68.3,9.0,7.7
Harper,65,LR,1604810739,84,4.38,-7.72,25.58,2.0
Biak,100,ID,1604810740,53,-0.91,122.88,29.99,3.6
New Norfolk,0,AU,1604810673,41,-42.78,147.06,18.89,1.79
Airai,60,TL,1604810668,39,-8.93,125.41,27.71,2.28
Iqaluit,40,CA,1604810741,71,63.75,-68.51,-13.0,1.5
Ciudad Bolivar,83,VE,1604810741,86,8.12,-63.55,25.49,3.3
Saskylakh,6,RU,1604810648,89,71.92,114.08,-23.39,3.99
Matara,1,LK,1604810480,58,5.95,80.54,31.68,0.81
Laguna,1,US,1604810623,58,38.42,-121.42,12.0,2.1
Kapaa,90,US,1604810649,78,22.08,-159.32,27.0,6.2
Namatanai,50,PG,1604810743,70,-3.67,152.43,28.94,1.42
Bredasdorp,60,ZA,1604810666,77,-34.53,20.04,15.0,3.6
Koupéla,35,BF,1604810743,24,12.18,-0.35,22.73,3.29
East London,20,ZA,1604810657,68,-33.02,27.91,19.0,5.7
Iquitos,90,PE,1604810649,94,-3.75,-73.25,24.0,1.0
Hithadhoo,16,MV,1604810663,69,-0.6,73.08,29.32,3.33
Cidreira,74,BR,1604810745,85,-30.18,-50.21,19.91,6.2
Kargopol',29,RU,1604810745,83,61.51,38.95,2.12,5.45
Kahului,40,US,1604810637,65,20.89,-156.47,28.0,6.7
Ichinohe,4,JP,1604810746,56,40.21,141.3,13.14,5.89
Ushibukamachi,52,JP,1604810746,52,32.19,130.02,19.26,8.92
Ginda,0,IN,1604810747,26,30.69,78.49,18.39,2.14
Selty,100,RU,1604810747,95,57.31,52.13,1.07,6.21
Rocha,3,UY,1604810747,96,-34.48,-54.33,12.69,1.25
Castelu,0,RO,1604810748,100,44.25,28.33,5.0,3.1
Junín,0,AR,1604810568,39,-34.58,-60.94,16.67,3.92
Albany,75,US,1604810419,93,42.6,-73.97,10.56,1.43
Chemax,17,MX,1604810749,99,20.65,-87.93,21.96,1.47
Bathsheba,20,BB,1604810733,83,13.22,-59.52,27.0,8.2
Boyolangu,85,ID,1604810750,62,-8.12,111.89,29.91,3.08
Saint Paul Harbor,90,US,1604810674,81,57.79,-152.41,9.0,11.3
Jamestown,1,US,1604810629,54,42.1,-79.24,12.0,2.1
Lagoa,8,PT,1604810621,71,39.05,-27.98,16.13,6.94
Port Lincoln,45,AU,1604810684,44,-34.73,135.87,20.5,6.54
Tuatapere,0,NZ,1604810698,61,-46.13,167.68,12.78,5.36
Praia da Vitória,75,PT,1604810753,93,38.73,-27.07,13.33,5.04
Bilma,10,NE,1604810753,46,18.69,12.92,17.37,4.92
Zhuanghe,0,CN,1604810753,46,39.7,122.99,7.11,7.14
Mahébourg,75,MU,1604810497,78,-20.41,57.7,25.0,7.7
Lebu,13,CL,1604810638,89,-37.62,-73.65,10.69,8.18
Ixtapa,5,MX,1604810754,83,20.7,-105.2,25.56,0.99
Kavaratti,40,IN,1604810755,83,10.57,72.64,29.0,2.6
Barrow,90,US,1604810646,92,71.29,-156.79,-1.0,7.2
Corrente,3,BR,1604810755,93,-3.74,-43.34,23.17,1.05
Clyde River,75,CA,1604810623,49,70.47,-68.59,-16.0,4.1
Tari,85,NG,1604810756,24,12.41,4.49,21.2,3.9
Rikitea,100,PF,1604810616,74,-23.12,-134.97,22.14,8.53
George Town,20,MY,1604810576,74,5.41,100.34,31.0,2.1
San Cristobal,82,VE,1604810757,91,7.77,-72.22,19.03,0.43
Te Anau,0,NZ,1604810646,42,-45.42,167.72,12.32,3.79
Salalah,0,OM,1604810694,50,17.02,54.09,25.0,1.5
Souillac,75,MU,1604810682,78,-20.52,57.52,25.0,7.7
Kruisfontein,0,ZA,1604810664,73,-34.0,24.73,16.68,0.63
Northam,100,GB,1604810759,97,51.03,-4.22,13.33,2.68
Faanui,89,PF,1604810759,77,-16.48,-151.75,26.11,5.4
Los Llanos de Aridane,0,ES,1604810760,68,28.66,-17.92,18.0,3.1
Deputatsky,100,RU,1604810630,92,69.3,139.9,-21.11,1.69
Yamada,17,JP,1604810760,54,39.47,141.95,15.38,5.27
Hearst,100,CA,1604810761,98,49.68,-83.67,1.0,2.1
Yellowknife,90,CA,1604810637,84,62.46,-114.35,-13.0,1.5
Khani,90,GE,1604810681,93,41.96,42.96,11.0,4.6
Norman Wells,75,CA,1604810615,92,65.28,-126.83,-2.0,2.6
Sitka,1,US,1604810762,80,57.05,-135.33,1.0,2.1
Kupang,66,ID,1604810762,50,-10.17,123.58,32.22,3.33
Esperance,14,AU,1604810763,60,-33.87,121.9,24.0,5.7
Vaini,75,TO,1604810618,78,-21.2,-175.2,26.0,4.1
Upernavik,30,GL,1604810655,78,72.79,-56.15,-16.59,4.11
Puerto Ayora,19,EC,1604810632,81,-0.74,-90.35,20.0,2.68
Avarua,23,CK,1604810633,73,-21.21,-159.78,25.0,1.5
Maţāy,0,EG,1604810764,64,28.42,30.78,16.47,2.72
Tessalit,85,ML,1604810765,26,20.2,1.01,20.46,4.58
Hilo,90,US,1604810689,88,19.73,-155.09,24.0,2.1
Nome,90,US,1604810654,86,64.5,-165.41,-1.0,2.6
Orlik,3,RU,1604810766,88,52.52,99.83,-2.02,1.27
Nizhniy Odes,100,RU,1604810767,99,63.64,54.86,-0.91,2.49
Nikolskoye,90,RU,1604810657,81,59.7,30.79,8.0,5.0
Belfast,100,GB,1604810730,87,54.58,-5.93,11.67,1.0
Bluff,34,NZ,1604810650,61,-46.6,168.33,12.78,5.36
Le Port,0,RE,1604810768,48,-20.94,55.29,28.0,8.7
Castro,2,BR,1604810615,66,-24.79,-50.01,14.11,1.75
Constitución,0,CL,1604810685,71,-35.33,-72.42,13.86,3.4
Arman',96,RU,1604810769,86,59.7,150.17,-11.54,7.03
Atuona,46,PF,1604810631,77,-9.8,-139.03,25.2,7.41
Lorengau,80,PG,1604810627,61,-2.02,147.27,29.46,2.36
Neuquén,75,AR,1604810770,56,-38.95,-68.06,22.0,5.7
Province of Trapani,0,IT,1604810771,87,37.83,12.67,16.11,2.6
Bambous Virieux,75,MU,1604810771,78,-20.34,57.76,25.56,7.7
Zabid,97,YE,1604810771,57,14.2,43.32,27.03,0.84
Egvekinot,99,RU,1604810701,97,66.32,-179.17,-6.94,2.07
Hobart,20,AU,1604810638,48,-42.88,147.33,18.89,6.7
Istra,90,RU,1604810772,87,55.92,36.86,21.92,7.0
Walvis Bay,20,NA,1604810773,100,-22.96,14.51,15.0,2.1
Sept-Îles,0,CA,1604810773,68,50.2,-66.38,-3.0,2.1
Carnarvon,38,AU,1604810773,65,-24.87,113.63,25.0,7.7
Tuktoyaktuk,75,CA,1604810627,85,69.45,-133.04,-4.0,7.2
Hambantota,40,LK,1604810774,83,6.12,81.12,29.0,3.6
Buchanan,27,LR,1604810480,90,5.88,-10.05,24.87,1.83
Humboldt,90,US,1604810775,93,40.67,-123.92,10.0,2.6
Lobito,100,AO,1604810775,76,-12.35,13.55,24.02,1.08
Butte,90,US,1604810549,47,39.65,-121.57,13.0,3.1
Hong Kong,64,HK,1604810643,44,22.29,114.16,26.67,2.24
Cho Dok,90,VN,1604810776,59,10.7,105.12,30.08,5.85
Teluknaga,75,ID,1604810776,62,-6.1,106.64,33.89,3.6
Bar Harbor,1,US,1604810777,93,44.39,-68.2,14.44,0.61
Cherskiy,99,RU,1604810622,94,68.75,161.3,-16.19,2.62
Bay Roberts,77,CA,1604810778,79,47.6,-53.26,1.11,2.68
Port Alfred,0,ZA,1604810662,68,-33.59,26.89,19.76,3.77
Kindu,92,CD,1604810779,95,-2.95,25.95,21.8,0.41
Nhulunbuy,40,AU,1604810779,52,-12.23,136.77,33.0,4.1
Aswān,86,EG,1604810779,46,24.09,32.91,19.76,2.07
Ouadda,2,CF,1604810780,63,8.08,22.4,20.12,0.32
Tilichiki,0,RU,1604810649,93,60.47,166.1,-7.68,4.08
Meulaboh,80,ID,1604810636,66,4.14,96.13,29.75,2.25
Turukhansk,100,RU,1604810781,98,65.82,87.98,0.65,5.91
Minot,90,US,1604810781,82,48.23,-101.3,2.0,4.1
Tacuba,99,SV,1604810782,98,13.9,-89.93,20.43,1.7
Arraial do Cabo,95,BR,1604810624,86,-22.97,-42.03,22.16,3.93
San Jose,40,US,1604810516,62,37.34,-121.89,11.11,2.1
Copiapó,100,CL,1604810783,82,-27.37,-70.33,14.0,2.1
Flinders,69,AU,1604810783,64,-34.58,150.86,18.33,2.41
Raja,0,SS,1604810783,47,8.46,25.68,22.51,1.06
Navrongo,0,GH,1604810595,30,10.9,-1.09,23.66,2.38
Krasnosel'kup,100,RU,1604810784,98,65.7,82.47,0.83,7.01
Oltu,79,TR,1604810784,71,40.55,42.0,4.74,1.28
Suntar,0,RU,1604810785,85,62.14,117.63,-16.15,1.35
Klaksvík,90,FO,1604810785,87,62.23,-6.59,6.0,1.5
Paita,5,PE,1604810786,85,-5.09,-81.11,17.02,4.52
Pangody,100,RU,1604810786,99,65.85,74.49,-2.18,1.75
Vao,16,NC,1604810683,68,-22.67,167.48,23.31,6.51
Severo-Kuril'sk,62,RU,1604810666,79,50.68,156.12,2.38,2.38
Starkville,75,US,1604810787,93,33.45,-88.82,19.44,1.5
Trofors,92,NO,1604810788,80,65.53,13.41,5.0,5.7
Beringovskiy,99,RU,1604810788,95,63.05,179.32,-3.13,6.39
Grindavik,75,IS,1604810666,86,63.84,-22.43,3.0,3.6
Rundu,77,NA,1604810789,41,-17.93,19.77,25.69,2.54
Butaritari,84,KI,1604810624,68,3.07,172.79,27.73,3.53
Macon,1,US,1604810789,72,39.87,-88.97,16.0,4.1
Sibiti,91,CG,1604810790,100,-3.68,13.35,21.07,0.51
Pevek,94,RU,1604810790,96,69.7,170.31,-11.12,2.19
Pandan,90,PH,1604810790,71,14.05,124.17,29.21,2.7
Yar-Sale,88,RU,1604810791,98,66.83,70.83,-3.93,1.4
Robertsport,2,LR,1604810791,84,6.75,-11.37,26.36,3.41
Araouane,70,ML,1604810791,18,18.9,-3.53,24.62,5.21
Bethel,1,US,1604810672,93,41.37,-73.41,11.67,1.5
Goderich,0,CA,1604810792,58,43.75,-81.72,15.0,6.2
Noumea,90,NC,1604810792,61,-22.28,166.46,26.0,6.2
Prince George,1,CA,1604810793,68,53.92,-122.75,-2.78,4.6
Mariehamn,0,AX,1604810793,80,60.1,19.93,5.0,2.6
Luau,68,AO,1604810794,96,-10.71,22.22,19.28,1.66
Drovyanaya,58,RU,1604810794,48,51.58,113.03,-6.0,4.0
Dikson,99,RU,1604810634,91,73.51,80.55,-20.01,5.99
Mar del Plata,90,AR,1604810628,100,-38.0,-57.56,16.0,2.1
Khorinsk,96,RU,1604810795,90,52.17,109.77,-2.91,2.91
Kavieng,67,PG,1604810672,72,-2.57,150.8,28.68,1.08
Burevestnik,75,RU,1604810796,93,56.14,43.79,5.56,5.0
Broken Hill,0,AU,1604810676,19,-31.95,141.43,27.0,5.7
Poum,18,NC,1604810632,77,-20.23,164.02,24.76,9.19
Tarauacá,81,BR,1604810797,78,-8.16,-70.77,23.76,0.36
Leningradskiy,100,RU,1604810634,96,69.38,178.42,-7.94,3.7
Soyaux,90,FR,1604810798,93,45.65,0.2,13.89,2.6
Pita,0,GN,1604810798,53,10.83,-12.58,22.12,0.99
Qaanaaq,1,GL,1604810798,68,77.48,-69.36,-23.44,3.83
Freeport,1,US,1604810799,81,40.66,-73.58,15.0,3.03
Port Elizabeth,0,ZA,1604810491,88,-33.92,25.57,17.0,1.0
Sar-e Pul,56,AF,1604810659,17,35.83,66.17,19.99,1.04
Barranca,67,PE,1604810800,93,-10.75,-77.77,14.25,1.93
Sovetskiy,37,RU,1604810800,97,61.36,63.58,-0.92,2.34
Oranjemund,5,NA,1604810801,85,-28.55,16.43,15.97,0.78
Lapua,0,FI,1604810801,88,62.97,23.01,0.56,1.5
Price,20,US,1604810801,80,39.6,-110.81,5.0,3.6
Kaitangata,0,NZ,1604810802,43,-46.28,169.85,13.89,4.02
Altenburg,26,DE,1604810620,100,50.98,12.45,2.78,2.1
Saldanha,52,ZA,1604810619,93,-33.01,17.94,14.0,3.6
Hermanus,78,ZA,1604810653,91,-34.42,19.23,13.89,2.24
El Alto,16,PE,1604810803,89,-4.27,-81.21,16.64,7.27
San Quintín,1,MX,1604810636,67,30.48,-115.95,15.84,6.75
Havre-St-Pierre,1,CA,1604810694,79,50.23,-63.6,-5.0,2.6
Novo Aripuanã,34,BR,1604810804,93,-5.12,-60.38,23.86,0.64
Launceston,0,AU,1604810805,42,-41.45,147.17,19.0,5.1
Terra Nova,36,BR,1604810805,94,-12.37,-40.67,20.95,2.6
Torbay,90,CA,1604810635,74,47.67,-52.73,2.22,7.7
Adrar,0,MR,1604810806,21,20.5,-10.07,25.73,3.31
Vila Velha,75,BR,1604810642,94,-20.33,-40.29,23.0,1.5
Tarakan,99,ID,1604810807,78,3.3,117.63,27.17,1.49
Cerritos,20,US,1604810807,58,33.86,-118.06,14.44,5.86
Verkhnevilyuysk,65,RU,1604810807,89,63.45,120.32,-18.02,1.92
Boguchany,100,RU,1604810808,91,58.38,97.45,4.82,2.89
São João da Barra,95,BR,1604810808,92,-21.64,-41.05,22.98,2.82
Murbād,40,IN,1604810809,40,19.25,73.4,30.0,3.6
Tocopilla,4,CL,1604810809,58,-22.09,-70.2,15.75,0.67
Okakarara,16,NA,1604810809,23,-20.58,17.43,21.37,0.85
Rørvik,84,NO,1604810810,63,64.86,11.24,7.06,7.48
Nizhniy Kuranakh,100,RU,1604810810,90,58.84,125.49,-15.52,3.1
Half Moon Bay,90,US,1604810810,76,37.46,-122.43,12.22,9.3
Tiksi,65,RU,1604810758,92,71.69,128.87,-21.2,0.85
Busselton,76,AU,1604810811,52,-33.65,115.33,23.89,3.13
Zhigansk,44,RU,1604810811,88,66.77,123.37,-25.62,1.65
Ostrovnoy,96,RU,1604810577,86,68.05,39.51,3.04,10.47
Katsuura,100,JP,1604810688,63,35.13,140.3,22.22,1.34
Ahipara,30,NZ,1604810650,76,-35.17,173.17,16.02,5.9
Sujiatun,0,CN,1604810813,20,41.66,123.34,5.0,5.0
Davila,90,PH,1604810814,88,18.47,120.58,27.0,5.1
Saint-Philippe,20,RE,1604810814,65,-21.36,55.77,26.0,9.8
Hanyang,79,CN,1604810814,68,32.14,105.51,18.33,1.26
Nantucket,1,US,1604810815,87,41.28,-70.1,14.0,4.6
Kenai,90,US,1604810815,92,60.55,-151.26,-2.22,7.7
Bahía Blanca,0,AR,1604810815,57,-38.72,-62.27,17.36,5.66
Lavrentiya,9,RU,1604810816,95,65.58,-171.0,-2.65,2.29
College,90,US,1604810816,85,64.86,-147.8,-4.44,1.33
Chokurdakh,100,RU,1604810674,94,70.63,147.92,-17.61,1.2
Hede,0,CN,1604810817,44,33.77,120.25,17.99,5.86
Mirador,50,BR,1604810818,85,-6.37,-44.36,23.18,1.31
Makakilo City,1,US,1604810818,65,21.35,-158.09,27.0,2.1
Cabedelo,75,BR,1604810663,88,-6.98,-34.83,25.0,4.1
Ereymentau,88,KZ,1604810819,43,51.62,73.1,9.91,10.04
Dunyapur,0,PK,1604810819,46,29.8,71.72,21.0,3.1
Mazatlán,5,MX,1604810819,88,23.22,-106.42,27.22,1.7
Lana,37,IT,1604810820,84,46.61,11.16,6.11,1.17
Santa Cruz de la Sierra,0,BO,1604810820,73,-17.8,-63.17,25.0,1.0
Mossamedes,100,AO,1604810820,69,-15.2,12.15,20.47,2.09
Linda,1,US,1604810821,57,39.13,-121.55,11.11,4.6
Alice Springs,100,AU,1604810646,10,-23.7,133.88,35.0,5.1
Hasaki,75,JP,1604810694,68,35.73,140.83,22.22,3.1
Bonthe,91,SL,1604810822,87,7.53,-12.51,25.77,1.49
Bengkulu,84,ID,1604810822,67,-3.8,102.27,29.39,4.16
Nur-Sultan,40,KZ,1604810810,39,51.18,71.45,8.0,7.0
Longyearbyen,20,SJ,1604810661,80,78.22,15.64,-1.0,1.0
Povenets,0,RU,1604810824,80,62.85,34.83,2.39,6.37
Kamenka,6,RU,1604810559,94,51.32,42.77,2.22,5.46
Ayr,20,GB,1604810824,87,55.46,-4.63,7.0,4.71
Fort Nelson,20,CA,1604810825,92,58.81,-122.7,-15.0,0.66
Camacha,20,PT,1604810825,72,33.08,-16.33,19.0,4.6
Abu Dhabi,0,AE,1604810819,61,24.47,54.37,27.0,4.1
Kysyl-Syr,82,RU,1604810826,88,63.9,122.76,-20.62,2.34
Ambon City,78,ID,1604810663,62,-3.7,128.18,28.92,4.35
Dingle,36,PH,1604810826,68,11.0,122.67,29.17,2.06
Puerto Gaitán,99,CO,1604810827,85,4.31,-72.08,25.6,0.42
Ancud,28,CL,1604810827,71,-41.87,-73.82,11.11,7.7
Mount Gambier,0,AU,1604810827,40,-37.83,140.77,22.0,3.1
Tasiilaq,98,GL,1604810647,88,65.61,-37.64,-7.03,3.26
Pāsighāt,0,IN,1604810828,36,28.07,95.33,27.12,1.42
Iberia,90,US,1604810828,65,29.95,-91.75,26.0,3.1
Shimoda,75,JP,1604810829,64,34.67,138.95,21.0,1.5
Ribeira Grande,45,PT,1604810697,67,38.52,-28.7,16.27,5.55
Khandyga,98,RU,1604810830,87,62.67,135.6,-20.76,0.34
Loa Janan,99,ID,1604810830,63,-0.58,117.09,31.51,1.14
Kasongo-Lunda,99,CD,1604810831,94,-6.47,16.82,21.64,0.19
Havøysund,100,NO,1604810831,86,71.0,24.66,1.0,19.5
Yarke Pole,55,UA,1604810832,85,45.61,34.32,8.52,0.7
Ketchikan,1,US,1604810832,80,55.34,-131.65,3.0,5.1
Newtownards,100,GB,1604810832,87,54.59,-5.69,11.67,1.0
Mackay,75,AU,1604810833,65,-21.15,149.2,26.0,7.7
Kaseda-shirakame,75,JP,1604810833,63,31.42,130.32,17.0,8.2
Dzidzantun,4,MX,1604810833,96,21.25,-89.05,23.64,1.64
Port Hedland,0,AU,1604810834,25,-20.32,118.57,36.0,7.2
Salinas,90,US,1604810834,66,36.68,-121.66,13.0,3.6
Mugur-Aksy,0,RU,1604810834,89,50.35,90.5,-0.44,2.65
Nabire,56,ID,1604810835,70,-3.37,135.48,29.64,2.43
Semey,0,KZ,1604810835,42,50.41,80.23,8.0,11.0
Acton,61,GB,1604810836,100,51.51,-0.28,10.56,1.5
Bayonet Point,100,US,1604810836,77,28.33,-82.68,23.89,7.11
Guerrero Negro,12,MX,1604810836,69,27.98,-114.06,17.03,6.2
Santa Barbara,40,US,1604810539,81,34.73,-120.03,8.33,0.9
La Rioja,63,AR,1604810837,35,-29.41,-66.85,23.43,3.22
Samarkand,100,UZ,1604810109,26,39.65,66.96,15.0,2.1
Lakhīmpur,0,IN,1604810838,37,27.95,80.77,25.48,1.19
Felanitx,20,ES,1604810838,100,39.47,3.15,13.89,1.08
Quatre Cocos,75,MU,1604810838,78,-20.21,57.76,25.56,7.7
Sijunjung,100,ID,1604810652,87,-0.69,100.95,24.04,0.52
Beira,20,MZ,1604810839,83,-19.84,34.84,24.0,2.01
Mergen,90,CN,1604810839,90,49.18,125.22,-4.8,5.6
Codrington,0,AU,1604810840,72,-38.27,141.97,16.81,5.55
Manggar,91,ID,1604810687,75,-2.88,108.27,28.61,2.93
Redmond,62,US,1604810840,84,47.67,-122.12,6.11,1.23
Myitkyina,0,MM,1604810841,38,25.38,97.4,28.95,0.86
Chełmża,0,PL,1604810841,98,53.18,18.6,6.67,0.89
Nanortalik,100,GL,1604810669,97,60.14,-45.24,-1.95,8.38
Ouahigouya,0,BF,1604810842,23,13.58,-2.42,23.47,3.74
Mercedes,0,AR,1604810842,87,-34.65,-59.43,17.22,2.76
Kirkuk,0,IQ,1604810843,52,35.47,44.39,19.12,2.23
Lüderitz,0,NA,1604810520,84,-26.65,15.16,16.29,3.23
Ossora,1,RU,1604810843,86,59.24,163.07,-2.09,1.6
Yinzhu,0,CN,1604810781,30,35.88,119.98,15.0,5.0
Wakkanai,75,JP,1604810844,75,45.41,141.67,6.0,6.2
Pisco,90,PE,1604810844,88,-13.7,-76.22,17.0,5.7
Coahuayana Viejo,73,MX,1604810845,87,18.73,-103.68,23.44,1.17
Ugoofaaru,23,MV,1604810845,74,5.67,73.0,28.98,5.93
Kano,51,NG,1604810846,100,12.0,8.52,12.0,3.46
Chui,0,UY,1604810667,94,-33.7,-53.46,14.77,2.53
Lompoc,40,US,1604810846,87,34.64,-120.46,11.0,5.46
Doha,0,QA,1604810511,66,25.29,51.53,30.56,3.6
Kailua,40,US,1604810847,74,21.4,-157.74,27.0,4.1
Harwich,50,GB,1604810643,92,51.94,1.28,12.22,2.24
Banes,90,CU,1604810848,100,20.96,-75.72,22.0,5.1
Keti Bandar,0,PK,1604810849,36,24.14,67.45,29.13,2.53
Sol'-Iletsk,96,RU,1604810849,81,51.16,54.99,2.22,6.23
Heze,0,CN,1604810849,26,35.24,115.44,17.48,3.36
Port Augusta,0,AU,1604810850,24,-32.5,137.77,29.44,6.7
Naantali,0,FI,1604810850,71,60.47,22.02,4.0,1.5
Sokol,73,RU,1604810850,74,59.46,40.12,4.72,5.41
Cairns,3,AU,1604810717,45,-16.92,145.77,32.22,7.2
Aklavik,78,CA,1604810695,79,68.22,-135.01,-2.0,1.0
Pavlohrad,90,UA,1604810611,93,48.52,35.87,6.0,3.0
Yumen,0,CN,1604810852,26,40.28,97.2,13.22,3.4
Lata,96,PT,1604810852,87,40.16,-8.33,16.67,1.79
Blackfoot,99,US,1604810852,64,43.19,-112.34,5.0,4.47
Ystad,0,SE,1604810853,93,55.43,13.82,5.56,2.1
Thompson,90,CA,1604810690,85,55.74,-97.86,-9.0,1.5
Cockburn Town,100,TC,1604810853,83,21.46,-71.14,26.11,8.0
Āsosa,43,ET,1604810854,64,10.07,34.53,17.16,2.24
Boffa,0,GN,1604810854,93,10.17,-14.03,24.92,0.38
Itarema,58,BR,1604810854,80,-2.92,-39.92,26.02,6.21
Saint-Joseph,20,RE,1604810855,65,-21.37,55.62,26.0,9.8
Harpālpur,0,IN,1604810821,21,25.29,79.33,27.07,1.08
Nizhniy Chir,0,RU,1604810856,96,48.36,43.09,1.7,5.15
Husavik,40,IS,1604810857,48,66.04,-17.34,6.0,4.1
Bambanglipuro,86,ID,1604810696,64,-7.95,110.28,30.02,5.33
Provideniya,12,RU,1604810857,93,64.38,-173.3,-2.53,3.17
Port Blair,1,IN,1604810639,72,11.67,92.75,29.33,5.4
Baijiantan,0,CN,1604810858,44,45.63,85.18,9.32,0.71
Atar,18,MR,1604810859,22,20.52,-13.05,26.95,4.65
Nemuro,20,JP,1604810859,35,43.32,145.57,13.0,4.6
Wajima,75,JP,1604810859,58,37.4,136.9,15.0,5.7
General Roca,75,AR,1604810860,56,-39.03,-67.58,22.0,5.7
Gizo Government Station,86,SB,1604810860,70,-8.1,156.84,29.24,2.41
Quibdó,100,CO,1604810860,94,5.69,-76.66,22.63,0.65
Marzuq,0,YE,1604810861,36,14.4,46.47,22.76,1.08
Kashgar,0,CN,1604810861,23,39.45,75.98,10.0,3.0
Aktas,20,KZ,1604810861,27,49.78,72.96,10.0,15.0
Sangar,85,RU,1604810862,89,63.92,127.47,-22.99,2.54
Nouakchott,43,MR,1604810862,44,18.09,-15.98,26.0,5.7
Coyhaique,0,CL,1604810863,75,-45.58,-72.07,8.0,1.5
Acaraú,63,BR,1604810863,81,-2.89,-40.12,25.74,6.11
Tabat,49,ID,1604810863,42,-2.63,115.23,36.61,0.24
São Félix do Xingu,14,BR,1604810864,92,-6.64,-51.99,22.07,1.02
Sangamner,0,IN,1604810864,44,19.57,74.22,24.62,3.66
Pangnirtung,94,CA,1604810634,82,66.15,-65.71,-14.28,1.76
Nichinan,75,JP,1604810865,60,31.6,131.37,20.0,6.7
Manfredonia,5,IT,1604810714,93,41.63,15.91,10.56,3.1
Turaif,40,SA,1604810865,87,31.67,38.66,12.0,7.2
Palauig,89,PH,1604810866,65,15.44,119.9,31.09,0.08
Natal,40,BR,1604810582,78,-5.79,-35.21,27.0,5.1
Ozinki,8,RU,1604810867,88,51.18,49.68,1.52,5.17
Alyangula,75,AU,1604810867,66,-13.85,136.42,32.0,4.1
Calama,78,CL,1604810742,8,-22.47,-68.93,12.0,6.2
Ondjiva,95,AO,1604810868,26,-17.07,15.73,22.69,3.74
Stykkisholmur,50,IS,1604810868,80,65.08,-22.73,2.78,4.43
Smithers,5,CA,1604810869,73,54.78,-127.17,-3.0,2.6
Larsnes,94,NO,1604810869,96,62.2,5.58,5.56,1.05
Ōzu,20,JP,1604810870,45,33.5,132.55,21.11,4.6
Coquimbo,91,CL,1604810871,87,-29.95,-71.34,13.0,3.1
Amberley,1,US,1604810871,87,39.2,-84.43,13.33,1.54
Jieshi,93,CN,1604810871,60,22.81,115.83,26.11,0.45
Nishihara,90,JP,1604810872,88,26.18,127.76,27.0,4.1
Nouadhibou,97,MR,1604810872,77,20.93,-17.03,21.0,6.2
Gouré,0,NE,1604810873,31,13.98,10.27,21.67,4.02
Elizabeth City,1,US,1604810873,100,36.29,-76.25,15.0,1.2
Sakaiminato,75,JP,1604810874,42,35.55,133.23,20.0,5.7
Kieta,88,PG,1604810874,72,-6.22,155.63,28.79,1.0
Santa Fe,23,AR,1604810875,65,-31.63,-60.7,19.44,3.85
Tazovsky,100,RU,1604810670,99,67.47,78.7,-2.61,1.55
Antropovo,97,RU,1604810875,85,58.4,43.01,6.57,6.26
Alice Town,100,BS,1604810876,79,25.72,-79.3,26.68,14.02
Khatanga,0,RU,1604810574,88,71.97,102.5,-18.66,6.16
Kokopo,71,PG,1604810877,71,-4.35,152.26,29.27,2.25
Whitehorse,90,CA,1604810428,84,60.72,-135.05,-12.22,7.7
‘Āhuimanu,40,US,1604810877,74,21.44,-157.84,27.0,4.1
Umluj,79,SA,1604810878,51,25.02,37.27,23.9,2.78
Dul'durga,11,RU,1604810878,84,50.68,113.59,-2.35,3.45
Belmonte,20,BR,1604810878,94,-15.86,-38.88,24.0,2.6
Bariloche,40,AR,1604810826,57,-41.15,-71.31,11.0,4.1
New Waterford,1,US,1604810879,50,40.85,-80.61,14.0,1.5
Quelimane,0,MZ,1604810880,78,-17.88,36.89,26.0,4.1
Tomatlán,68,MX,1604810880,94,19.93,-105.25,22.2,0.74
Saint-Orens-de-Gameville,90,FR,1604810880,100,43.55,1.53,12.78,2.1
Puerto Rondón,98,CO,1604810881,96,6.28,-71.1,23.08,1.65
Xingcheng,0,CN,1604810881,37,40.62,120.72,8.93,6.25
Pacific Grove,90,US,1604810841,71,36.62,-121.92,12.22,3.6
Roald,100,NO,1604810882,93,62.58,6.13,6.11,1.5
Rivera,2,UY,1604810882,96,-30.91,-55.55,14.98,3.47
Mehamn,80,NO,1604810882,75,71.04,27.85,3.8,13.81
Polunochnoye,33,RU,1604810883,93,60.87,60.42,-1.43,2.78
Pendleton,90,US,1604810883,86,45.67,-118.79,4.44,5.7
Puro,96,PH,1604810884,73,12.48,123.38,28.48,2.38
Calvinia,57,ZA,1604810884,77,-31.47,19.78,9.76,3.93
Letlhakeng,0,BW,1604810884,29,-24.09,25.03,27.48,2.35
Viedma,100,AR,1604810885,89,-40.81,-63.0,13.33,0.89
Kinkala,85,CG,1604810885,88,-4.36,14.76,24.0,1.0
Ghanzi,23,BW,1604810670,20,-21.57,21.78,27.07,3.92
Dayong,75,CN,1604810886,44,25.02,118.29,25.0,6.0
Kilsyth,100,GB,1604810886,96,55.98,-4.06,6.67,2.24
Charlestown,26,AU,1604810887,62,-32.95,151.67,19.44,0.89
Anadyr,75,RU,1604810887,85,64.75,177.48,-8.0,1.0
Maragogi,25,BR,1604810888,83,-9.01,-35.22,24.67,4.52
Olinda,75,BR,1604810651,74,-8.01,-34.86,27.0,5.7
Dhidhdhoo,54,MV,1604810889,73,6.88,73.1,29.02,5.89
Nkhata Bay,4,MW,1604810889,54,-11.61,34.29,27.09,3.26
Mareeba,0,AU,1604810889,45,-17.0,145.43,32.22,7.2
Bom Jardim,34,BR,1604810890,94,-7.8,-35.59,21.62,3.46
Tikaitnagar,0,IN,1604810890,30,26.95,81.58,26.52,0.79
Nadvoitsy,0,RU,1604810890,87,63.87,34.32,1.0,6.7
Shihezi,0,CN,1604810891,46,44.3,86.03,8.26,1.39
Khovd,33,MN,1604810891,70,48.01,91.64,2.66,1.02
Muroto-misakicho,75,JP,1604810892,49,33.28,134.15,21.0,5.7
Inírida,100,CO,1604810892,97,3.87,-67.92,23.71,1.08
Gilgit,17,PK,1604810892,23,35.92,74.31,14.71,0.56
Sørland,99,NO,1604810651,69,67.67,12.69,5.61,7.28
Misratah,27,LY,1604810893,69,32.38,15.09,20.32,5.54
Kastornoye,24,RU,1604810894,95,51.83,38.13,6.47,8.19
Fallon,90,US,1604810894,86,39.47,-118.78,5.56,6.96
Orán,100,AR,1604810844,63,-23.13,-64.33,25.0,0.91
Jumla,0,NP,1604810895,24,29.27,82.18,17.69,1.93
Firminy,100,FR,1604810798,87,45.39,4.29,13.0,2.6
Kutulik,97,RU,1604810895,82,53.35,102.78,2.31,2.89
Mokhsogollokh,99,RU,1604810896,89,61.47,128.92,-17.6,2.91
Sarangani,46,PH,1604810896,76,5.4,125.46,28.71,6.58
Hamilton,1,US,1604810670,58,39.18,-84.53,14.0,1.43
Tamworth,90,GB,1604810897,100,52.63,-1.7,9.0,1.0
Puerto Parra,71,CO,1604810897,94,6.65,-74.06,23.14,0.45
Caeté,0,BR,1604810897,78,-19.88,-43.67,22.0,1.0
Flagstaff,90,US,1604810880,69,35.2,-111.65,1.67,10.8
Baykit,100,RU,1604810898,89,61.67,96.37,1.45,2.24
Uray,82,RU,1604810899,98,60.12,64.78,-0.46,2.43
Yabrūd,75,SY,1604810899,87,33.97,36.66,13.0,5.1
Dolores,0,AR,1604810899,94,-36.31,-57.68,13.27,2.31
Syedove,0,UA,1604810900,100,47.08,38.16,6.11,0.89
Buraidah,40,SA,1604810836,100,26.33,43.98,18.0,1.5
Scottsbluff,1,US,1604810901,65,41.87,-103.67,13.89,4.1
Touros,20,BR,1604810901,83,-5.2,-35.46,26.0,3.6
Tikrit,23,IQ,1604810901,41,34.61,43.68,20.65,2.17
Ampanihy,0,MG,1604810902,42,-24.7,44.75,29.02,2.33
Srednekolymsk,85,RU,1604810902,91,67.45,153.68,-20.37,3.41
Churapcha,100,RU,1604810903,89,62.0,132.43,-21.14,2.53
Madang,41,PG,1604810903,61,-5.22,145.8,30.05,3.23
Tierra Nueva,54,MX,1604810903,86,21.68,-100.57,10.83,1.12
Bilozerka,75,UA,1604810904,93,46.62,32.44,5.0,1.0
Santa Rosa,75,PH,1604810904,66,14.31,121.11,32.0,3.1
Leh,0,IN,1604810904,43,34.17,77.58,3.13,1.39
Seymour,0,US,1604810905,89,38.96,-85.89,12.22,2.06
Sanmenxia,60,CN,1604810905,25,34.77,111.18,18.78,1.43
Westlock,90,CA,1604810906,85,54.15,-113.87,-8.0,8.7
Ukiah,1,US,1604810906,81,39.15,-123.21,11.0,4.6
Gao,0,ML,1604810906,23,16.64,1.64,21.33,6.19
Vizinga,97,RU,1604810907,81,61.07,50.1,3.12,4.84
Batagay,43,RU,1604810907,84,67.63,134.63,-31.71,0.62
Great Falls,90,US,1604810824,92,47.5,-111.3,-1.0,9.8
Nuuk,92,GL,1604810908,79,64.18,-51.72,-7.0,6.7
Port-Gentil,100,GA,1604810787,95,-0.72,8.78,23.69,2.48
Paraná,13,AR,1604810909,65,-31.73,-60.52,19.44,4.7
Luwingu,0,ZM,1604810909,57,-10.26,29.93,23.28,1.08
Amazar,82,RU,1604810910,77,53.86,120.88,-7.92,1.65
Iguape,1,BR,1604810910,90,-24.71,-47.56,16.7,1.75
Abu Samrah,2,SY,1604810911,64,35.3,37.18,15.27,2.99
Qui Nhon,91,VN,1604810911,76,13.77,109.23,26.25,9.88
Korla,0,CN,1604810684,80,41.76,86.15,9.44,2.85
Prescott,90,US,1604810912,56,34.54,-112.47,5.56,5.7
Upata,92,VE,1604810912,90,8.01,-62.4,26.11,0.45
Siocon,33,PH,1604810913,73,7.71,122.14,28.63,0.72
Benton Harbor,1,US,1604810913,62,42.12,-86.45,14.44,2.6
Itoman,75,JP,1604810913,78,26.12,127.67,27.0,8.2
Latung,46,PH,1604810914,73,5.5,120.88,28.3,3.36
Batagay-Alyta,27,RU,1604810625,80,67.8,130.41,-24.25,0.11
Karratha,0,AU,1604810914,29,-20.74,116.85,32.83,8.45
Sola,61,VU,1604810915,79,-13.88,167.55,27.69,5.45
Wasilla,90,US,1604810915,86,61.58,-149.44,-1.67,5.7
Arcata,90,US,1604810915,87,40.87,-124.08,10.0,6.2
Kudahuvadhoo,73,MV,1604810916,68,2.67,72.89,29.07,2.49
Portland,20,US,1604810916,80,45.52,-122.68,5.0,8.7
Dawei,70,MM,1604810676,52,14.08,98.2,30.17,4.91
Ust-Kuyga,100,RU,1604810917,86,70.02,135.6,-29.61,2.27
Hecun,0,CN,1604810917,27,36.53,114.11,14.45,2.47
Ulladulla,75,AU,1604810643,52,-35.35,150.47,19.0,5.1
Padang,100,ID,1604810918,81,-0.95,100.35,26.01,2.42
Broome,1,US,1604810919,58,42.25,-75.83,13.0,3.1
Witu,1,KE,1604810919,83,-2.39,40.44,27.0,2.1
Pangkalanbuun,88,ID,1604810919,74,-2.68,111.62,30.25,1.72
Yulara,18,AU,1604810920,7,-25.24,130.99,37.0,5.7
Tautira,75,PF,1604810920,74,-17.73,-149.15,27.0,2.1
Shagonar,4,RU,1604810920,82,51.53,92.8,2.04,1.05
Cuenca,65,EC,1604810921,76,-2.88,-78.98,11.0,1.0
Sechura,9,PE,1604810921,80,-5.56,-80.82,17.68,4.64
Ribas do Rio Pardo,3,BR,1604810922,39,-20.44,-53.76,24.33,0.75
Karasjok,0,NO,1604810922,69,69.47,25.51,3.0,21.1
Prince Rupert,1,CA,1604810923,100,54.32,-130.32,4.0,2.6
Bud,1,US,1604810923,71,39.45,-86.18,13.89,1.5
Cavalcante,97,BR,1604810923,81,-13.8,-47.46,20.47,1.59
Isangel,22,VU,1604810641,78,-19.55,169.27,26.46,5.25
Muravlenko,100,RU,1604810924,99,63.79,74.52,0.37,4.23
Dalmatovo,100,RU,1604810925,92,56.26,62.94,1.63,3.9
Nynäshamn,75,SE,1604810925,69,58.9,17.95,8.33,3.98
Kalmunai,79,LK,1604810925,61,7.42,81.82,30.34,3.25
Thinadhoo,68,MV,1604810699,67,0.53,72.93,29.28,2.94
Sémbé,100,CG,1604810926,95,1.65,14.58,21.02,0.89
Pahrump,5,US,1604810926,67,36.21,-115.98,6.11,1.79
Duluth,90,US,1604810927,93,46.78,-92.11,6.0,4.1
Muros,85,ES,1604810927,90,42.78,-9.06,15.56,14.31
Dongsheng,0,CN,1604810625,50,39.82,109.98,7.01,4.59
Umm Kaddadah,14,SD,1604810928,34,13.6,26.69,20.7,5.53
Sindor,100,RU,1604810928,98,62.86,51.89,0.36,2.97
Margate,41,GB,1604810929,89,51.38,1.39,11.67,5.67
Kirkenes,69,NO,1604810752,84,69.73,30.05,2.0,9.3
Mochumí,3,PE,1604810929,85,-6.55,-79.86,16.11,3.03
Solone,90,UA,1604810930,93,48.21,34.87,6.0,3.0
Kamina,31,CD,1604810930,95,-8.74,24.99,18.88,1.5
Coruripe,2,BR,1604810931,84,-10.13,-36.18,24.33,4.42
Valdivia,100,CL,1604810418,54,-39.81,-73.25,13.0,4.6
Sioux Lookout,90,CA,1604810931,96,50.1,-91.92,0.0,2.6
Bend,40,US,1604810932,94,44.06,-121.32,0.0,2.1
Barra do Garças,94,BR,1604810859,82,-15.89,-52.26,23.28,1.48
Narsaq,100,GL,1604810932,79,60.92,-46.05,-3.0,4.6
Pangai,16,TO,1604810933,80,-19.8,-174.35,23.93,6.99
Orange,40,US,1604810933,62,33.7,-117.77,14.44,2.1
Horasan,9,TR,1604810933,77,40.05,42.17,3.06,0.7
Refojos de Basto,80,PT,1604810934,88,41.51,-8.0,13.89,0.45
São Filipe,85,CV,1604810698,73,14.9,-24.5,26.22,3.62
Paka,40,MY,1604810934,79,4.64,103.44,30.0,2.6
Fairbanks,90,US,1604810935,85,64.84,-147.72,-4.44,1.32
Buala,83,SB,1604810935,71,-8.14,159.59,29.07,2.52
Fort Saint James,0,CA,1604810935,85,54.43,-124.25,-4.26,1.93
Avera,1,US,1604810936,100,33.19,-82.53,19.0,2.6
Toora-Khem,0,RU,1604810936,80,52.47,96.11,1.78,1.22
Takoradze,100,GH,1604810689,86,4.88,-1.76,25.92,2.98
Qaqortoq,100,GL,1604810937,79,60.72,-46.03,-3.0,4.6
Acapulco de Juárez,50,MX,1604810675,80,16.86,-99.89,25.74,1.87
Santo Domingo,75,DO,1604810937,94,18.5,-69.99,24.44,0.72
East Wenatchee Bench,90,US,1604810938,74,47.43,-120.28,3.33,1.5
Sherbakul',75,RU,1604810939,70,54.63,72.4,6.0,5.0
Svetlaya,58,RU,1604810939,65,46.54,138.33,3.93,3.3
Mana,30,GF,1604810939,82,5.66,-53.78,25.43,5.6
Monte Mor,0,BR,1604810940,77,-22.95,-47.32,18.0,7.7
Makubetsu,75,JP,1604810941,75,45.37,141.82,6.0,6.2
Eureka,42,US,1604810941,47,40.8,-124.16,10.0,0.45
Wisconsin Rapids,1,US,1604810941,71,44.38,-89.82,13.33,2.6
Whyalla,18,AU,1604810942,24,-33.03,137.58,27.0,6.7
Springbok,27,ZA,1604810701,89,-29.66,17.89,9.43,1.1
Teknāf,0,BD,1604810943,60,20.86,92.31,29.45,1.2
Balabac,100,PH,1604810943,76,7.99,117.06,28.47,4.53
China,0,MX,1604810882,78,25.7,-99.23,21.27,5.86
Solnechnyy,59,RU,1604810941,81,50.72,136.63,-4.77,2.75
Guymon,1,US,1604810944,67,36.68,-101.48,16.0,10.3
Burgeo,55,CA,1604810944,80,47.62,-57.62,1.86,3.93
Vila Franca do Campo,20,PT,1604810628,71,37.72,-25.43,14.0,3.1
Härnösand,0,SE,1604810945,86,62.63,17.94,1.11,1.5
Ola,99,RU,1604810945,88,59.58,151.28,-10.56,7.75
Olafsvik,58,IS,1604810946,72,64.89,-23.71,4.35,6.43
Waitati,1,NZ,1604810946,49,-45.75,170.57,12.22,5.81
Trairi,51,BR,1604810651,77,-3.28,-39.27,26.95,5.28
Marsh Harbour,100,BS,1604810661,77,26.54,-77.06,26.2,13.8
Severomuysk,99,RU,1604810947,93,56.15,113.43,-15.19,1.37
Wanning,34,CN,1604810948,69,18.8,110.4,26.59,7.88
Raudeberg,98,NO,1604810948,93,61.99,5.14,8.0,0.37
